Outbreak ID,Date,Year,Province ,Territory ,Health Zone,Cases,Deaths,CFR (%),Population,"Cases/100,000","Deaths/100,000"
COD78-5-12-1,12 May,1978,Tanganyika,Kalemie,,312,96,30.769,"24,956,358",1.2502,0.3847
COD78-5-12-1,12 May,1978,Sud-Kivu,,,,,,,,
COD78-5-12-1,12 May,1978,Sud-Kivu,Uvira,,"3,295",258,7.830,"24,956,358",,1.0338
COD78-5-12-1,12 May,1978,Sud-Kivu,Bakavu,,"1,029",35,3.401,"24,956,358",,0.1402
COD78-5-12-1,12 May,1978,Sud-Kivu,Kabare,Katana,"4,500",145,3.222,"24,956,358",,0.5810
COD87-8-1-1,1 Aug,1987,Maï-Ndombe,Bolobo,,,48,,"31,528,708",,0.1522
COD96-4-4-1,4 Apr,1996,Kinshasa,,,147,33,22.449,"42,757,243",0.3438,0.0772
COD96-4-4-1,4 Apr,1996,,Barumbu,,,,,,,
COD96-4-4-1,4 Apr,1996,,Limete,,,,,,,
COD96-4-4-1,4 Apr,1996,Kongo-Central,Kingwala,,,,,,,
COD96-7-5-1,5 Jul,1996,,,,821,179,21.803,"42,757,243",1.9201,0.4186
COD96-11-15-1,15 Nov,1996,,,,2,,,"42,757,243",0.0047,
COD96-11-16-1,16 Nov,1996,Kinshasa,,,821,179,21.803,"42,757,243",1.9201,0.4186
COD96-11-16-2,16 Nov,1996,Nord-Kivu,Goma,Sake,"1,133",23,2.030,"42,757,243",2.6498,0.0538
COD96-12-13-1,13 Dec,1996,Nord-Kivu,Goma,,"1,133",23,2.030,"42,757,243",2.6498,0.0538
COD97-4-15-1,15 Apr,1997,,,,,,,,,
COD97-4-15-1,15 Apr,1997,Kinshasa,,,,,,,,
COD97-4-15-1,15 Apr,1997,Equateur ,,,,,,,,
COD97-12-18-1,18 Dec,1997,Zaire,,Kapalata Camp,800,54,6.750,"43,827,180",1.8254,0.1232
COD98-1-1-1,1 Jan,1998,,,,"9,605",746,7.767,"44,849,967",21.4158,1.6633
COD98-1-1-1,1 Jan,1998,Ituri,Bunia,,,,,,,
COD98-1-1-1,1 Jan,1998,Sud-Kivu,Bukavu,,,,,,,
COD98-1-6-1,6 Jan,1998,Tshopo,Kisangani,,800,54,6.750,"44,849,967",1.7837,0.1204
COD98-4-1-1,1 Apr,1998,,,,"3,962",115,2.903,"44,849,967",8.8339,0.2564
COD98-4-1-1,1 Apr,1998,Sud-Kivu,,,,,,,,
COD98-4-1-1,1 Apr,1998,Nord-Kivu,,,,,,,,
COD98-5-19-1,19 May,1998,Ituri,Bunia,,"9,605",746,7.767,"44,849,967",21.4158,1.6633
COD98-10-1-1,1 Oct,1998,Sud-Kivu,Shabunda,,,30,,"44,849,967",,0.0669
COD99-12-9-1,9 Dec,1999,Kinshasa,,,74,4,5.405,"45,919,613",0.1612,0.0087
COD01-2-1-1,1 Feb,2001,Nord-Kivu,Goma,,677,8,1.182,"48,428,545",1.3979,0.0165
COD01-10-1-1,1 Oct,2001,Haut-Katanga ,,,851,72,8.461,"48,428,545",1.7572,0.1487
COD01-10-1-1,1 Oct,2001,,Lubumbashi,,,,,,,
COD01-10-1-1,1 Oct,2001,,Ankoro,,,,,,,
COD01-10-1-1,1 Oct,2001,,Kabalo,,,,,,,
COD01-10-1-1,1 Oct,2001,,Kongolo,,,,,,,
COD01-10-1-1,1 Oct,2001,,Kelemie,,,,,,,
COD01-11-1-1,1 Nov,2001,Haut-Katanga ,,,"6,099",502,8.231,"48,428,545",12.5938,1.0366
COD02-3-5-1,5 Mar,2002,Haut-Katanga ,,,"5,021",407,8.106,"49,871,666",10.0678,0.8161
COD02-3-15-1,15 Mar,2002,Haut-Katanga ,,,"6,601",502,7.605,"49,871,666",13.2360,1.0066
COD02-7-1-1,1 Jul,2002,,,,"2,636",67,2.542,"49,871,666",5.2856,0.1343
COD02-7-1-1,1 Jul,2002,Haut-Lomami,Malemba-Nkulu,,,,,,,
COD02-7-1-1,1 Jul,2002,Haut-Katanga ,Kabalo,,,,,,,
COD02-7-1-1,1 Jul,2002,Nord-Kivu,Butembo,,,,,,,
COD02-7-1-1,1 Jul,2002,Kasaï-Oriental ,,,,,,,,
COD02-9-1-1,1 Sep,2002,Kasaï-Oriental ,Mbuji-Mayi,,"9,767",571,5.846,"48,428,545",20.1679,1.1791
COD02-9-16-1,16 Sep,2002,Haut-Katanga ,,,"2,636",67,2.542,"48,428,545",5.4431,0.1383
COD02-10-16-1,16 Oct,2002,Kasaï-Oriental ,Mbuji-Mayi,,353,41,11.615,"48,428,545",0.7289,0.0847
COD02-11-15-1,15 Nov,2002,Kasaï-Oriental ,,,394,41,10.406,"49,871,666",0.7900,0.0822
COD03-6-13-1,13 Jun,2003,,,,"13,452",380,2.825,"51,425,580",26.1582,0.7389
COD03-6-13-1,13 Jun,2003,Sud-Kivu,,,"1,387",26,1.875,"51,425,580",2.6971,0.0506
COD03-6-13-1,13 Jun,2003,Haut-Katanga ,,,"7,557",221,2.924,"51,425,580",14.6950,0.4297
COD03-6-13-1,13 Jun,2003,Kasaï-Oriental ,,,"3,098",89,2.873,"51,425,580",6.0242,0.1731
COD03-6-1-1,1 Jun,2003,,,,"13,072",380,2.907,"51,425,580",25.4193,0.7389
COD03-6-1-1,1 Jun,2003,Sud-Kivu,,,,,,,,
COD03-6-1-1,1 Jun,2003,Haut-Katanga ,,,,,,,,
COD03-6-1-1,1 Jun,2003,Kasaï-Oriental ,,,,,,,,
COD03-9-17-1,17 Sep,2003,Kasaï-Oriental ,Mbuji-Mayi,,"7,145",369,5.164,"51,425,580",13.8939,0.7175
COD05-1-1-1,1 Jan,2005,Ituri,,,"1,420",29,2.042,"54,785,903",2.5919,0.0529
COD05-1-1-1,1 Jan,2005,,Kafé,,,,,,,
COD05-1-1-1,1 Jan,2005,,Tchomia,,,,,,,
COD05-1-1-1,1 Jan,2005,,Tché,,,,,,,
COD05-1-17-1,17 Jan,2005,Lake Kivu,,,"2,152",34,1.580,"54,785,903",3.9280,0.0621
COD05-1-17-1,17 Jan,2005,,Bukavu,,,,,,,
COD05-1-17-1,17 Jan,2005,,Uvira,,,,,,,
COD06-1-6-1,6 Jan,2006,Haut-Katanga ,North Haut-Katanga,,770,34,4.416,"56,578,037",1.3610,0.0601
COD06-1-6-2,6 Jan,2006,Sud-Kivu,,,948,13,1.371,"56,578,037",1.6756,0.0230
COD06-1-6-2,6 Jan,2006,,Uvira,,,,,,,
COD06-1-6-2,6 Jan,2006,,Fizi,,,,,,,
COD06-10-1-1,1 Oct,2006,Sud-Kivu,Bukavu,,246,10,4.065,"56,578,037",0.4348,0.0177
COD06-10-1-1,1 Oct,2006,,,Kadutu,,,,,,
COD06-10-1-1,1 Oct,2006,,,Bagira,,,,,,
COD06-10-1-1,1 Oct,2006,,,Ibanda,,,,,,
COD08-1-1-1,1 Jan,2008,Haut-Katanga ,,,"5,990",,,"60,411,195",9.9154,
COD08-9-30-1,30 Sep,2008,Nord-Kivu,Mbanza-Ngungu,,116,17,14.655,"60,411,195",0.1920,0.0281
COD08-10-31-1,31 Oct,2008,Sud-Kivu,,,172,0,0.000,"60,411,195",0.2847,
COD08-10-31-1,31 Oct,2008,Sud-Kivu,Fizi,,96,2,2.083,"60,411,195",0.1589,0.0033
COD08-10-31-1,31 Oct,2008,Sud-Kivu,Kalehe,Minova ,54,0,0.000,"60,411,195",0.0894,0.0000
COD08-11-12-1,12 Nov,2008,Nord-Kivu,,,100,8,8.000,"60,411,195",0.1655,0.0132
COD08-11-12-1,12 Nov,2008,Nord-Kivu,Goma,,93,2,2.151,"60,411,195",0.1539,0.0033
COD09-1-1-1,1 Jan,2009,Sud-Kivu,,,"10,070",102,1.013,"62,448,574",16.1253,0.1633
COD09-1-1-2,1 Jan,2009,Nord-Kivu,,,"5,639",61,1.082,"62,448,574",9.0298,0.0977
COD09-7-20-1,20 Jul,2009,Nord-Kivu,,,"2,342",27,1.153,"62,448,574",3.7503,0.0432
COD09-7-20-1,20 Jul,2009,Sud-Kivu,,,"4,326",63,1.456,"62,448,574",6.9273,0.1009
COD09-8-1-1,1 Aug,2009,,,,"11,652",,,"62,448,574",18.6586,
COD09-8-1-1,1 Aug,2009,Nord-Kivu,,,,,,,,
COD09-8-1-1,1 Aug,2009,Sud-Kivu,,,,,,,,
COD09-8-1-1,1 Aug,2009,Tanganyika,,,,,,,,
COD09-8-18-1,18 Aug,2009,Nord-Kivu,Goma,,87,,0.000,"62,448,574",0.1393,
COD09-9-22-1,22 Sep,2009,Tanganyika,Kalemie,,"1,029",2,0.194,"62,448,574",1.6478,0.0032
COD09-10-8-1,8 Oct,2009,Sud-Kivu,,,562,7,1.246,"62,448,574",0.8999,0.0112
COD09-10-8-1,8 Oct,2009,Tanganyika,Kalemie,,"1,055",,,"62,448,574",1.6894,
COD09-11-3-1,3 Nov,2009,Haut-Katanga,,,,10,,"62,448,574",,0.0160
COD10-1-1-1,1 Jan,2010,,,,"3,984",31,0.778,"64,563,854",6.1706,0.0480
COD10-1-1-1,1 Jan,2010,Sud-Kivu,,,,,,,,
COD10-1-1-1,1 Jan,2010,Nord-Kivu,,,,,,,,
COD10-1-1-1,1 Jan,2010,Haut-Katanga ,,,,,,,,
COD10-6-15-1,15 Jun,2010,Tshopo,Kisangani,Bosoko,"1,000",32,3.200,"64,563,854",1.5489,0.0496
COD10-6-16-1,16 Jun,2010,Tshopo,Kisangani,Bosoko,"1,000",32,3.200,"64,563,854",1.5489,0.0496
COD10-8-1-1,1 Aug,2010,Sud-Kivu,,,290,2,0.690,"64,563,854",0.4492,0.0031
COD10-8-1-1,1 Aug,2010,,Shabunda,,,,,,,
COD10-8-1-1,1 Aug,2010,,Katshungu,,,,,,,
COD10-9-10-1,10 Sep,2010,Sud-Kivu,,,400,,,"64,563,854",0.6195,
COD10-9-10-1,10 Sep,2010,Sud-Kivu,Shabunda,,300,,,"64,563,854",0.4647,
COD10-9-10-1,10 Sep,2010,Sud-Kivu,Fizi,,98,,,"64,563,854",0.1518,
COD10-9-16-1,16 Sep,2010,Sud-Kivu,Uvira,,170,1,,"64,563,854",0.2633,0.0015
COD10-9-27-1,27 Sep,2010,Tanganyika,Kalemie,,,10,,"64,563,854",,0.0155
COD10-11-9-1,9 Nov,2010,Haut-Katanga,,,100,2,2.000,"64,563,854",0.1549,0.0031
COD10-11-9-1,9 Nov,2010,,Kalemie,,,,,,,
COD10-11-9-1,9 Nov,2010,,Kongolo,,,,,,,
COD10-11-9-1,9 Nov,2010,Tanganyika,Ankoro,Ngoya,41,2,4.878,"64,563,854",0.0635,0.0031
COD10-10-7-1,7 Oct,2010,Tanganyika,Kalemie,,200,7,3.500,"64,563,854",0.3098,0.0108
COD10-12-20-1,20 Dec,2010,,,,,30,,"64,563,854",,0.0465
COD11-1-1-1,1 Jan,2011,Congo River,,,"14,686",,,"66,755,153",21.9998,
COD11-1-1-2,1 Jan,2011,Tshopo,Kisangani,,,33,,"66,755,153",,0.0494
COD11-1-3-1,3 Jan,2011,,,,"22,233",603,2.712,"66,755,153",33.3053,0.9033
COD11-1-3-1,3 Jan,2011,Maï-Ndombe,,,,,,,,
COD11-1-3-1,3 Jan,2011,Equateur ,,,,,,,,
COD11-1-3-1,3 Jan,2011,Kinshasa,,,,,,,,
COD11-1-3-1,3 Jan,2011,Tshopo,,,,,,,,
COD11-1-3-1,3 Jan,2011,Maniema,,,,,,,,
COD11-1-3-1,3 Jan,2011,Ituri,,,,,,,,
COD11-1-3-1,3 Jan,2011,Nord-Kivu,,,,,,,,
COD11-1-3-1,3 Jan,2011,Sud-Kivu,,,,,,,,
COD11-1-3-1,3 Jan,2011,Haut-Katanga ,,,,,,,,
COD11-3-1-1,1 Mar,2011,Tshopo,Kisangani,,"3,896",265,6.802,"66,755,153",5.8363,0.3970
COD11-3-25-1,25 Mar,2011,Tshopo,Kisangani,,537,33,6.145,"66,755,153",0.8044,0.0494
COD11-4-12-1,4 Apr,2011,Tshopo,Kisangani,,931,51,5.478,"66,755,153",1.3946,0.0764
COD11-4-5-1,5 Apr,2011,Tshopo,,,786,45,5.725,"66,755,153",1.1774,0.0674
COD11-6-17-1,17 Jun,2011,Maï-Ndombe,Bolobo,,483,29,6.004,"66,755,153",0.7235,0.0434
COD11-6-23-1,23 Jun,2011,Maï-Ndombe,Bolobo,,839,49,5.840,"66,755,153",1.2568,0.0734
COD11-7-4-1,4 Jul,2011,,,,"3,000",192,6.400,"66,755,153",4.4940,0.2876
COD11-7-4-1,4 Jul,2011,Maï-Ndombe,,,"1,271",72,5.665,"66,755,153",1.9040,0.1079
COD11-7-8-1,8 Jul,2011,,,,"1,796",116,6.459,"66,755,153",2.6904,0.1738
COD11-7-8-1,8 Jul,2011,Maï-Ndombe,Bolobo,,"1,236",66,5.340,"66,755,153",1.8515,0.0989
COD11-7-8-1,8 Jul,2011,Kinshasa,,,35,6,17.143,"66,755,153",0.0524,0.0090
COD11-7-8-1,8 Jul,2011,Equateur ,,,525,66,12.571,"66,755,153",0.7865,0.0989
COD11-7-19-1,19 Jul,2011,,,,"3,729",254,6.811,"66,755,153",5.5861,0.3805
COD11-7-19-1,19 Jul,2011,Tshopo,,,,97,,"66,755,153",,0.1453
COD11-7-19-1,19 Jul,2011,Maï-Ndombe,,,,77,,"66,755,153",,0.1153
COD11-7-19-1,19 Jul,2011,Equateur ,,,,72,,"66,755,153",,0.1079
COD11-7-19-1,19 Jul,2011,Kinshasa,,,,9,,"66,755,153",,0.0135
COD11-7-22-1,22 Jul,2011,,,,"3,896",265,6.802,"66,755,153",5.8363,0.3970
COD11-7-22-1,22 Jul,2011,Maï-Ndombe,,,,,,,,
COD11-7-22-1,22 Jul,2011,Equateur ,,,,,,,,
COD11-7-22-1,22 Jul,2011,Kinshasa,,,,,,,,
COD11-7-22-1,22 Jul,2011,Tshopo,,,,,,,,
COD11-7-27-1,27 Jul,2011,,,,"4,000",279,6.975,"66,755,153",5.9920,0.4179
COD11-7-27-1,27 Jul,2011,Tshopo,,,"1,400",102,7.286,"66,755,153",2.0972,0.1528
COD11-7-27-1,27 Jul,2011,Kinshasa,,,124,14,11.290,"66,755,153",0.1858,0.0210
COD11-7-27-2,27 Jul,2011,,,,"3,896",265,6.802,"66,755,153",5.8363,0.3970
COD11-8-11-1,11 Aug,2011,,,,"5,088",296,5.818,"66,755,153",7.6219,0.4434
COD11-8-11-1,11 Aug,2011,Maï-Ndombe,,,,,,,,
COD11-8-11-1,11 Aug,2011,Equateur ,,,,,,,,
COD11-8-11-1,11 Aug,2011,Tshopo,,,,,,,,
COD11-8-11-2,11 Aug,2011,,,,"4,062",279,6.869,"66,755,153",6.0849,0.4179
COD11-8-12-1,12 Aug,2011,Maï-Ndombe,,,"1,604",100,6.234,"66,755,153",2.4028,0.1498
COD11-8-12-1,12 Aug,2011,Equateur ,,,"1,627",93,5.716,"66,755,153",2.4373,0.1393
COD11-8-12-1,12 Aug,2011,Tshopo,,,"1,586",85,5.359,"66,755,153",2.3758,0.1273
COD11-8-12-1,12 Aug,2011,Kinshasa,,,271,21,7.749,"66,755,153",0.4060,0.0315
COD11-8-19-1,19 Aug,2011,,,,"5,171",301,5.821,"66,755,153",7.7462,0.4509
COD11-8-19-1,19 Aug,2011,Maï-Ndombe,,,,101,,"66,755,153",,0.1513
COD11-8-19-1,19 Aug,2011,Equateur ,,,,90,,"66,755,153",,0.1348
COD11-8-19-1,19 Aug,2011,Tshopo,,,,82,,"66,755,153",,0.1228
COD11-8-19-1,19 Aug,2011,Kinshasa,,,,25,,"66,755,153",,0.0375
COD11-8-23-1,23 Aug,2011,Equateur ,Monkoto,,103,,,"66,755,153",0.1543,
COD11-8-23-1,23 Aug,2011,Equateur ,,,7,3,42.857,"66,755,153",0.0105,0.0045
COD11-8-23-1,23 Aug,2011,Kinshasa,,,361,26,7.202,"66,755,153",0.5408,0.0389
COD11-8-23-1,23 Aug,2011,Maï-Ndombe,,,"1,645",104,6.322,"66,755,153",2.4642,0.1558
COD11-9-21-1,21 Sep,2011,Equateur ,,,"1,450",136,9.379,"66,755,153",2.1721,0.2037
COD11-9-21-1,21 Sep,2011,,Mbandaka,,26,,,"66,755,153",0.0389,
COD11-9-30-1,30 Sep,2011,Tshopo,,,"1,590",82,5.157,"66,755,153",2.3818,0.1228
COD11-9-30-1,30 Sep,2011,Equateur ,,,"2,395",131,5.470,"66,755,153",3.5877,0.1962
COD11-10-7-1,7 Oct,2011,Tshopo,,,"6,910",384,5.557,"66,755,153",10.3513,0.5752
COD11-10-10-1,10 Oct,2011,Kinshasa,Maluku,,17,1,5.882,"66,755,153",0.0255,0.0015
COD11-11-16-1,16 Nov,2011,,,,"17,500",508,2.903,"66,755,153",26.2152,0.7610
COD11-11-16-1,16 Nov,2011,Equateur ,,,,,,,,
COD11-11-16-1,16 Nov,2011,Maï-Ndombe,,,,,,,,
COD11-11-16-1,16 Nov,2011,Kinshasa,,,,,,,,
COD11-11-16-1,16 Nov,2011,Tshopo,,,,,,,,
COD11-11-27-1,27 Nov,2011,,,,"18,165",382,2.103,"66,755,153",27.2114,0.5722
COD11-11-27-1,27 Nov,2011,Kinshasa,,,663,37,5.581,"66,755,153",0.9932,0.0554
COD11-11-27-1,27 Nov,2011,Maï-Ndombe,,,,,6.270,,,
COD11-11-27-1,27 Nov,2011,Equateur ,,,,,2.580,,,
COD11-12-8-1,8 Dec,2011,Congo River,,,"7,722",426,5.517,"66,755,153",11.5676,0.6382
COD11-12-8-1,8 Dec,2011,Equateur ,,,"3,040",140,4.605,"66,755,153",4.5540,0.2097
COD11-12-8-1,8 Dec,2011,Maï-Ndombe,,,"2,301",138,5.997,"66,755,153",3.4469,0.2067
COD11-12-8-1,8 Dec,2011,Nord-Kivu,,,"1,631",84,5.150,"66,755,153",2.4433,0.1258
COD11-12-8-1,8 Dec,2011,Kinshasa,,,750,39,5.200,"66,755,153",1.1235,0.0584
COD11-12-28-1,28 Dec,2011,Ituri,Bunia,,17,5,29.412,"66,755,153",0.0255,0.0075
COD11-12-29-1,29 Dec,2011,,,,"21,500",575,2.674,"66,755,153",32.2073,0.8614
COD11-12-29-1,29 Dec,2011,Equateur ,,,,,,,,
COD11-12-29-1,29 Dec,2011,Maï-Ndombe,,,,,,,,
COD11-12-29-1,29 Dec,2011,Kinshasa,,,351,13,3.704,"66,755,153",0.5258,0.0195
COD11-12-29-1,29 Dec,2011,Sud-Kivu,,,70,,,"66,755,153",0.1049,
COD11-12-29-2,29 Dec,2011,,,,"3,045",165,5.419,"66,755,153",4.5614,0.2472
COD11-12-29-2,29 Dec,2011,Kinshasa,,,963,42,4.361,"66,755,153",1.4426,0.0629
COD11-12-29-2,29 Dec,2011,Sud-Kivu,,,253,4,1.581,"66,755,153",0.3790,0.0060
COD12-1-1-1,1 Jan,2012,,,,"22,792",512,2.246,"69,020,747",33.0220,0.7418
COD12-1-1-1,1 Jan,2012,Tshopo,,,,,,,,
COD12-1-1-1,1 Jan,2012,Nord-Kivu,,,,,,,,
COD12-1-1-1,1 Jan,2012,Sud-Kivu,,,,,,,,
COD12-1-1-1,1 Jan,2012,Haut-Katanga ,,,,,,,,
COD12-1-1-1,1 Jan,2012,Equateur ,,,,,,,,
COD12-1-1-1,1 Jan,2012,Kongo-Central,,,,,,,,
COD12-1-1-1,1 Jan,2012,Maï-Ndombe,,,,,,,,
COD12-1-1-1,1 Jan,2012,Kinshasa,,,,,,,,
COD12-1-1-2,1 Jan,2012,Ituri,,,"4,696",,,"69,020,747",6.8038,
COD12-1-5-1,5 Jan,2012,Sud-Kivu,Uvira,Sange,48,2,4.167,"69,020,747",0.0695,0.0029
COD12-1-5-1,5 Jan,2012,Ituri,,,161,3,1.863,"69,020,747",0.2333,0.0043
COD12-1-13-1,13 Jan,2012,Sud-Kivu,,,"1,633",14,0.857,"69,020,747",2.3660,0.0203
COD12-1-13-2,13 Jan,2012,Tshopo,,,200,8,4.000,"69,020,747",0.2898,0.0116
COD12-1-13-2,13 Jan,2012,Ituri,,,13,,,"69,020,747",0.0188,
COD12-1-13-2,13 Jan,2012,,Bunia,,,,,,,
COD12-1-13-2,13 Jan,2012,,Djugu,,,,,,,
COD12-1-19-1,19 Jan,2012,Ituri,,,50,4,8.000,"69,020,747",0.0724,0.0058
COD12-1-19-1,19 Jan,2012,,Koga,,,,,,,
COD12-1-19-1,19 Jan,2012,,Tchomia,,,,,,,
COD12-1-20-1,20 Jan,2012,,,,"8,092",436,5.388,"69,020,747",11.7240,0.6317
COD12-1-20-1,20 Jan,2012,Equateur ,Maï-Ndombe,,,,,,,
COD12-1-20-1,20 Jan,2012,Ituri,,,519,22,4.239,"69,020,747",0.7519,0.0319
COD12-1-20-1,20 Jan,2012,Kinshasa,,,351,,,"69,020,747",0.5085,
COD12-1-20-1,20 Jan,2012,Sud-Kivu,,,"13,612",148,1.087,"69,020,747",19.7216,0.2144
COD12-1-20-1,20 Jan,2012,Sud-Kivu,Bukavu,,150,,,"69,020,747",0.2173,
COD12-1-27-1,27 Jan,2012,,,,"22,000",584,2.655,"69,020,747",31.8745,0.8461
COD12-1-30-1,30 Jan,2012,Kinshasa,,,"1,100",,,"69,020,747",1.5937,
COD12-2-12-1,2 Feb,2012,,,,"26,000",644,2.477,"69,020,747",37.6698,0.9331
COD12-2-4-1,4 Feb,2012,Nord-Kivu,Beni,Kasindi,23,2,8.696,"69,020,747",0.0333,0.0029
COD12-2-6-1,6 Feb,2012,Kongo-Central,,,,,,,,
COD12-2-6-1,6 Feb,2012,Kongo-Central,Moanda,,50,,,"69,020,747",0.0724,
COD12-2-6-1,6 Feb,2012,Kongo-Central,Kitona,,2,1,50.000,"69,020,747",0.0029,0.0014
COD12-2-18-1,18 Feb,2012,Equateur ,,,4,,,"69,020,747",0.0058,
COD12-2-18-1,18 Feb,2012,Equateur ,Makanza,,2,,,"69,020,747",0.0029,
COD12-2-18-1,18 Feb,2012,Equateur ,,,2,,,"69,020,747",0.0029,
COD12-2-18-1,18 Feb,2012,Kongo-Central,,,124,5,4.032,"69,020,747",0.1797,0.0072
COD12-2-18-1,18 Feb,2012,Ituri,Bunia,,"1,155",30,2.597,"69,020,747",1.6734,0.0435
COD12-2-18-1,18 Feb,2012,Ituri,Djugu,Tchomia,893,,,"69,020,747",1.2938,
COD12-3-1-1,1 Mar,2012,,,,600,40,6.667,"69,020,747",0.8693,0.0580
COD12-3-1-1,1 Mar,2012,Ituri,Bunia,,,,,,,
COD12-3-1-1,1 Mar,2012,Tshopo,,,,,,,,
COD12-3-8-1,8 Mar,2012,Nord-Kivu,Goma,,,50,,"69,020,747",,0.0724
COD12-4-1-1,1 Apr,2012,Tshopo,,,30,6,20.000,"69,020,747",0.0435,0.0087
COD12-4-4-1,4 Apr,2012,,,,"8,000",,,"69,020,747",11.5907,
COD12-4-4-1,4 Apr,2012,Sud-Kivu,,,"2,200",,,"69,020,747",3.1874,
COD12-4-9-1,9 Apr,2012,Sud-Kivu,,,"2,214",14,0.632,"69,020,747",3.2077,0.0203
COD12-4-9-1,9 Apr,2012,Maï-Ndombe,,,528,16,3.030,"69,020,747",0.7650,0.0232
COD12-4-9-1,9 Apr,2012,Kongo-Central,,,379,8,2.111,"69,020,747",0.5491,0.0116
COD12-4-9-1,9 Apr,2012,Kinshasa,,,367,10,2.725,"69,020,747",0.5317,0.0145
COD12-4-10-1,10 Apr,2012,Equateur ,Mbandaka,,92,5,5.435,"69,020,747",0.1333,0.0072
COD12-5-18-1,18 May,2012,Equateur ,,,"12,291",244,1.985,"69,020,747",17.8077,0.3535
COD12-6-1-1,1 Jun,2012,,,,"15,351",358,2.332,"69,020,747",22.2411,0.5187
COD12-6-5-1,5 Jun,2012,Kongo-Central,,,3,,,"69,020,747",0.0043,
COD12-6-8-1,8 Jun,2012,,,,"19,100",400,2.094,"69,020,747",27.6728,0.5795
COD12-6-26-1,26 Jun,2012,Kinshasa,Bumbu,,13,2,15.385,"69,020,747",0.0188,0.0029
COD12-6-27-1,27 Jun,2012,Sud-Kivu,Goma,Rwanguba,150,,,"69,020,747",0.2173,
COD12-7-5-1,5 Jul,2012,Kongo-Central,,,934,16,1.713,"69,020,747",1.3532,0.0232
COD12-7-16-1,16 Jul,2012,Equateur ,,,"2,181",132,6.052,"69,020,747",3.1599,0.1912
COD12-7-23-1,23 Jul,2012,Nord-Kivu,,,368,,,"69,020,747",0.5332,
COD12-7-31-1,31 Jul,2012,Kongo-Central,Matadi,,103,2,1.942,"69,020,747",0.1492,0.0029
COD12-8-17-1,17 Aug,2012,Nord-Kivu,Walikale,,100,4,4.000,"69,020,747",0.1449,0.0058
COD12-8-21-1,21 Aug,2012,Nord-Kivu,Rutshuru,Vitshumbi ,52,1,1.923,"69,020,747",0.0753,0.0014
COD12-9-6-1,6 Sep,2012,Kongo-Central,,,48,,,"69,020,747",0.0695,
COD12-9-7-1,7 Sep,2012,Tshopo,Djugu,Tchomia,30,1,3.333,"69,020,747",0.0435,0.0014
COD12-9-13-1,13 Sep,2012,Haut-Katanga,Malemba-Nkulu,,59,7,11.864,"69,020,747",0.0855,0.0101
COD12-12-18-1,18 Dec,2012,Haut-Katanga,,,90,1,1.111,"69,020,747",0.1304,0.0014
COD12-12-18-1,18 Dec,2012,,Kalemie,,,,,,,
COD12-12-18-1,18 Dec,2012,,Nyemba,,,,,,,
COD13-1-1-1,1 Jan,2013,Haut-Katanga ,,,"8,441",,,"71,358,807",11.8290,
COD13-1-24-1,24 Jan,2013,Haut-Katanga,Lubumbashi,,350,8,2.286,"71,358,807",0.4905,0.0112
COD13-2-2-1,2 Feb,2013,Nord-Kivu,Goma,,6,1,16.667,"71,358,807",0.0084,0.0014
COD13-2-5-1,5 Feb,2013,Haut-Katanga,Lubumbashi,,"2,300",76,3.304,"71,358,807",3.2231,0.1065
COD13-4-11-1,11 Apr,2013,Ituri,Mambasa,Niania,7,2,28.571,"71,358,807",0.0098,0.0028
COD13-4-13-1,13 Apr,2013,Sud-Kivu,Walikale,Kamanyola,22,4,18.182,"71,358,807",0.0308,0.0056
COD13-3-14-1,14 May,2013,Haut-Katanga,,,"10,000",250,2.500,"71,358,807",14.0137,0.3503
COD13-3-14-1,14 May,2013,Haut-Katanga,Lubumbashi,,"6,000",58,0.967,"71,358,807",8.4082,0.0813
COD13-3-14-1,14 May,2013,Haut-Katanga,Kinkondja ,Bukama,"2,000",46,2.300,"71,358,807",2.8027,0.0645
COD13-3-14-1,14 May,2013,Haut-Katanga,Pweto ,,500,34,6.800,"71,358,807",0.7007,0.0476
COD13-6-1-1,1 Jun,2013,Haut-Katanga,Likasi,,894,34,3.803,"71,358,807",1.2528,0.0476
COD13-7-19-1,29 Jul,2013,Ituri,Mambasa,Niania,10,5,50.000,"71,358,807",0.0140,0.0070
COD13-8-21-1,21 Aug,2013,Sud-Kivu,Kalehe,Minova,19,,,"71,358,807",0.0266,
COD13-9-11-1,11 Sep,2013,Sud-Kivu,Kalehe,Minova,107,,,"71,358,807",0.1499,
COD13-10-11-1,11 Oct,2013,Tanganyika,Kalemie,,228,,,"71,358,807",0.3195,
COD13-11-19-1,10 Nov,2013,Sud-Kivu,Baraka,,50,,,"71,358,807",0.0701,
COD13-11-27-1,27 Nov,2013,Sud-Kivu,Fizi,,125,,,"71,358,807",0.1752,
COD13-11-29-1,29 Nov,2013,Haut-Katanga,Likasi,,894,34,3.803,"71,358,807",1.2528,0.0476
COD13-12-7-1,7 Dec,2013,Sud-Kivu,Bukavu,Kadutu,132,17,12.879,"71,358,807",0.1850,0.0238
COD13-12-12-1,12 Dec,2013,Haut-Katanga,Likasi,,438,13,2.968,"71,358,807",0.6138,0.0182
COD13-12-14-1,14 Dec,2013,Haut-Katanga,Lubumbashi,,42,1,2.381,"71,358,807",0.0589,0.0014
COD14-1-1-1,1 Jan,2014,Haut-Lomami,,,"4,644",,,"73,767,447",6.2955,
COD14-1-8-1,8 Jan,2014,Sud-Kivu,Uvira,Sange,80,2,2.500,"73,767,447",0.1084,0.0027
COD14-1-17-1,17 Jan,2014,Sud-Kivu,Uvira,Sange,224,3,1.339,"73,767,447",0.3037,0.0041
COD14-2-12-1,12 Feb,2014,Haut-Katanga,Bukama,,111,3,2.703,"73,767,447",0.1505,0.0041
COD14-2-28-1,28 Feb,2014,Haut-Katanga,,,"1,100",,,"73,767,447",1.4912,
COD14-2-28-1,28 Feb,2014,Haut-Katanga,Kilwa,,74,,,"73,767,447",0.1003,
COD14-2-28-1,28 Feb,2014,Haut-Katanga,Fungurume,,10,,,"73,767,447",0.0136,
COD14-4-24-1,24 Apr,2014,Haut-Katanga,Likasi,,"1,054",43,4.080,"73,767,447",1.4288,0.0583
COD14-5-20-1,20 May,2014,Sud-Kivu,Baraka,,50,0,0.000,"73,767,447",0.0678,
COD14-6-2-1,2 Jun,2014,Sud-Kivu,Fizi,,52,,,"73,767,447",0.0705,
COD14-7-18-1,18 Jul,2014,Haut-Katanga,Kimwenze,,91,25,27.473,"73,767,447",0.1234,0.0339
COD14-8-25-1,25 Aug,2014,Haut-Katanga,,,500,177,35.400,"73,767,447",0.6778,0.2399
COD14-9-12-1,12 Sep,2014,Sud-Kivu,Uvira,Sange,72,1,1.389,"73,767,447",0.0976,0.0014
COD14-12-18-1,18 Dec,2014,Haut-Katanga,,,"8,700",249,2.862,"73,767,447",11.7938,0.3375
COD15-1-13-1,13 Jan,2015,Sud-Kivu,Uvira,Kiliba,14,1,7.143,"76,244,544",0.0184,0.0013
COD15-1-15-1,15 Jan,2015,,,,"53,037","1,145",2.159,"76,244,544",69.5617,1.5017
COD15-2-11-1,11 Feb,2015,Haut-Katanga,Ankoro,,3,1,33.333,"76,244,544",0.0039,0.0013
COD15-3-4-1,4 Mar,2015,Haut-Katanga,,,"1,500",35,2.333,"76,244,544",1.9674,0.0459
COD15-4-2-1,4 Apr,2015,Haut-Katanga,,,"2,000",37,1.850,"76,244,544",2.6231,0.0485
COD15-9-1-1,1 Sep,2015,Congo River,,,"25,422",,,"76,244,544",33.3427,
COD15-9-7-1,7 Sep,2015,Maniema,,,697,37,5.308,"76,244,544",0.9142,0.0485
COD15-9-7-1,7 Sep,2015,Ituri,,,269,,,"76,244,544",0.3528,
COD15-9-27-1,27 Sep,2015,Maniema,,,"3,000",82,2.733,"76,244,544",3.9347,0.1075
COD15-9-27-1,27 Sep,2015,,Kindu,,,,,,,
COD15-9-27-1,27 Sep,2015,,Kailo,,,,,,,
COD15-9-27-1,27 Sep,2015,,Alunguli,,,,,,,
COD15-9-27-1,27 Sep,2015,Tshopo,,,"1,000",,,"76,244,544",1.3116,
COD15-10-1-1,1 Oct,2015,Tshopo,,Kisangani Prison,40,4,10.000,"76,244,544",0.0525,0.0052
COD15-10-5-1,5 Oct,2015,Maniema,Kindu,,"2,420",67,2.769,"76,244,544",3.1740,0.0879
COD15-12-10-1,10 Dec,2015,Haut-Katanga,,Mura Military Centre,300,10,3.333,"76,244,544",0.3935,0.0131
COD15-12-15-1,15 Dec,2015,,,,"19,705",,,"76,244,544",25.8445,
COD15-12-15-1,15 Dec,2015,Sud-Kivu,,,"4,906",,,"76,244,544",6.4346,
COD15-12-15-1,15 Dec,2015,Haut-Katanga ,,,"4,565",,,"76,244,544",5.9873,
COD15-12-15-1,15 Dec,2015,Maniema,,,"3,971",,,"76,244,544",5.2082,
COD15-12-15-1,15 Dec,2015,Nord-Kivu,,,"3,294",,,"76,244,544",4.3203,
COD15-12-15-1,15 Dec,2015,Tshopo,,,"2,969",,,"76,244,544",3.8940,
COD15-12-21-1,21 Dec,2015,Ituri,,,180,,,"76,244,544",0.2361,
COD15-12-21-1,21 Dec,2015,Haut-Katanga,,,180,,,"76,244,544",0.2361,
COD15-12-21-1,21 Dec,2015,Haut-Katanga,Katanda,Nyemba,75,,,"76,244,544",0.0984,
COD15-12-21-1,21 Dec,2015,Haut-Katanga,Moba,,44,,,"76,244,544",0.0577,
COD15-12-21-1,21 Dec,2015,Haut-Katanga,Kalemie,,39,,,"76,244,544",0.0512,
COD15-12-21-1,21 Dec,2015,Haut-Katanga,Bukama,,17,,,"76,244,544",0.0223,
COD15-12-21-1,21 Dec,2015,Haut-Katanga,Lubumbashi,Likasi,21,,,"76,244,544",0.0275,
COD15-12-21-1,21 Dec,2015,Ituri,Irumu,Nyarambe,95,,,"76,244,544",0.1246,
COD16-1-1-1,1 Jan,2016,Haut-Katanga,,,85,3,3.529,"78,789,127",0.1079,0.0038
COD16-1-7-1,7 Jan,2016,Haut-Katanga,,,151,7,4.636,"78,789,127",0.1917,0.0089
COD16-1-18-1,18 Jan,2016,,,,460,3,0.652,"78,789,127",0.5838,0.0038
COD16-1-25-1,25 Jan,2016,,,,271,2,0.738,"78,789,127",0.3440,0.0025
COD16-3-11-1,11 Mar,2016,Tshopo,,,300,30,10.000,"78,789,127",0.3808,0.0381
COD16-3-11-1,11 Mar,2016,Tshopo,Basoko,,340,30,8.824,"78,789,127",0.4315,0.0381
COD16-3-11-1,11 Mar,2016,Tshopo,Kisangani,,10,,,"78,789,127",0.0127,
COD16-3-11-1,11 Mar,2016,Tshopo,Yahuma,,18,5,27.778,"78,789,127",0.0228,0.0063
COD16-3-28-1,28 Mar,2016,Haut-Lomami,Bukama,,27,0,0.000,"78,789,127",0.0343,
COD16-3-28-1,28 Mar,2016,Haut-Lomami,Kabondo-Dianda,,25,0,0.000,"78,789,127",0.0317,
COD16-3-28-1,28 Mar,2016,Haut-Lomami,Mwenga, Butuma,12,0,0.000,"78,789,127",0.0152,
COD16-3-28-1,28 Mar,2016,Haut-Lomami,Malemba-Nkulu,,5,1,20.000,"78,789,127",0.0063,0.0013
COD16-3-28-1,28 Mar,2016,Nord-Kivu,Rutshuru,,32,,,"78,789,127",0.0406,
COD16-3-28-1,28 Mar,2016,Nord-Kivu,Goma,,16,,,"78,789,127",0.0203,
COD16-3-28-1,28 Mar,2016,Nord-Kivu,Kalehe,Kirotshe,15,,,"78,789,127",0.0190,
COD16-4-7-1,7 Apr,2016,Kinshasa,Maluku,,6,1,16.667,"78,789,127",0.0076,0.0013
COD16-4-7-1,7 Apr,2016,Equateur ,,,6,2,33.333,"78,789,127",0.0076,0.0025
COD16-4-7-1,7 Apr,2016,Tshopo,,,319,5,1.567,"78,789,127",0.4049,0.0063
COD16-4-7-1,7 Apr,2016,Haut-Katanga,,,208,4,1.923,"78,789,127",0.2640,0.0051
COD16-4-7-1,7 Apr,2016,Haut-Lomami,,,199,4,2.010,"78,789,127",0.2526,0.0051
COD16-4-7-1,7 Apr,2016,Nord-Kivu,,,197,0,0.000,"78,789,127",0.2500,
COD16-4-7-1,7 Apr,2016,Sud-Kivu,,,222,1,0.450,"78,789,127",0.2818,0.0013
COD16-4-16-1,16 Apr,2016,Mongala,Bumba,,38,4,10.526,"78,789,127",0.0482,0.0051
COD16-5-9-1,9 May,2016,Kinshasa,,,14,2,14.286,"78,789,127",0.0178,0.0025
COD16-5-9-1,9 May,2016,Equateur ,,,219,,,"78,789,127",0.2780,
COD16-5-9-1,9 May,2016,Maï-Ndombe,,,32,,,"78,789,127",0.0406,
COD16-5-23-1,23 May,2016,Equateur ,,,258,25,9.690,"78,789,127",0.3275,0.0317
COD16-6-13-1,13 Jun,2016,Ituri,Irumu,Nyarambe,190,,,"78,789,127",0.2412,
COD16-6-27-1,27 Jun,2016,Tanganyika,,,130,2,1.538,"78,789,127",0.1650,0.0025
COD16-7-5-1,5 Jul,2016,Mongala,,,70,,,"78,789,127",0.0888,
COD16-7-5-1,5 Jul,2016,Kinshasa,,Limete,3,1,33.333,"78,789,127",0.0038,0.0013
COD16-7-5-1,5 Jul,2016,Nord-Ubangi,,Bili,387,35,9.044,"78,789,127",0.4912,0.0444
COD16-7-13-1,13 Jul,2016,Tanganyika,,,161,3,1.863,"78,789,127",0.2043,0.0038
COD16-7-13-1,13 Jul,2016,,Kalemie,,,,,,,
COD16-7-13-1,13 Jul,2016,Tanganyika,Katanda,Nyemba,121,,,"78,789,127",0.1536,
COD16-7-20-1,20 Jul,2016,Tshopo,,,306,15,4.902,"78,789,127",0.3884,0.0190
COD16-8-14-1,25 Aug,2016,Mongala,,Boso-Modanda,144,20,13.889,"78,789,127",0.1828,0.0254
COD16-8-29-1,29 Aug,2016,Kinshasa,,,6,,,"78,789,127",0.0076,
COD16-8-31-1,31 Aug,2016,,,,"16,860",446,2.645,"78,789,127",21.3989,0.5661
COD16-9-3-1,3 Sep,2016,,,,"18,000",500,2.778,"78,789,127",22.8458,0.6346
COD16-25-9-1,25 Sep,2016,Maniema,Kindu,,51,2,3.922,"78,789,127",0.0647,0.0025
COD16-10-21-1,21 Oct,2016,Equateur ,Mbandaka,,31,0,0.000,"78,789,127",0.0393,
COD16-10-28-1,28 Oct,2016,,,,"22,002",646,2.936,"78,789,127",27.9252,0.8199
COD16-10-28-1,28 Oct,2016,Nord-Ubangi,,,,,,,,
COD16-10-28-1,28 Oct,2016,Sud-Ubangi,,,,,,,,
COD16-10-28-1,28 Oct,2016,Equateur ,,,,,,,,
COD16-10-28-1,28 Oct,2016,Tshopo,,,,,,,,
COD16-10-28-1,28 Oct,2016,Mongala,,,,,,,,
COD16-10-28-1,28 Oct,2016,Maniema,,,,,,,,
COD16-10-28-1,28 Oct,2016,Maï-Ndombe,,,,,,,,
COD16-10-28-1,28 Oct,2016,Kinshasa,,,,,,,,
COD16-11-10-1,10 Nov,2016,Tanganyika,Pweto,Mwenge,141,11,7.801,"78,789,127",0.1790,0.0140
COD16-12-28-1,28 Dec,2016,Kinshasa,,,123,10,8.130,"78,789,127",0.1561,0.0127
COD17-1-17-1,17 Jan,2017,Kinshasa,,,725,32,4.414,"81,398,764",0.8907,0.0393
COD17-2-21-1,21 Feb,2017,Bas-Uele,Aketi,,190,6,3.158,"81,398,764",0.2334,0.0074
COD17-3-2-1,2 Mar,2017,Kongo-Central,Matadi,,,,,,,
COD17-3-2-1,2 Mar,2017,Kongo-Central,,Molayi Prison,35,1,2.857,"81,398,764",0.0430,0.0012
COD17-3-2-1,2 Mar,2017,Kongo-Central,,Nzanza,20,3,15.000,"81,398,764",0.0246,0.0037
COD17-3-3-1,3 Mar,2017,,,,"5,829",203,3.483,"81,398,764",7.1610,0.2494
COD17-3-9-1,9 Mar,2017,,,,"3,635",103,2.834,"81,398,764",4.4657,0.1265
COD17-3-9-1,9 Mar,2017,Maniema,,,,,,,,
COD17-3-9-1,9 Mar,2017,Equateur ,,,,,,,,
COD17-3-9-1,9 Mar,2017,Mongala,,,,,,,,
COD17-3-9-1,9 Mar,2017,Bas-Uele,,,,,,,,
COD17-3-9-1,9 Mar,2017,Tanganyika,,,,,,,,
COD17-3-9-2,9 Mar,2017,Ituri,Mambasa,,219,29,13.242,"81,398,764",0.2690,0.0356
COD17-3-12-1,12 Mar,2017,,,,651,15,2.304,"81,398,764",0.7998,0.0184
COD17-3-12-1,12 Mar,2017,Ituri,,,,,,,,
COD17-3-12-1,12 Mar,2017,Sud-Kivu,,,,,,,,
COD17-3-12-1,12 Mar,2017,Tanganyika,,,,,,,,
COD17-3-12-1,12 Mar,2017,Maï-Ndombe,,,,,,,,
COD17-3-12-1,12 Mar,2017,Mongala,,,,,,,,
COD17-3-12-1,12 Mar,2017,Equateur ,,,,,,,,
COD17-3-12-1,12 Mar,2017,Kongo-Central,Matadi,Matadi Prison,,,,,,
COD17-3-14-1,14 Mar,2017,Equateur ,Mbandaka,,79,,,"81,398,764",0.0971,
COD17-3-23-1,23 Mar,2017,Sud-Kivu,Fizi ,,123,12,9.756,"81,398,764",0.1511,0.0147
COD17-4-9-1,9 Apr,2017,,,,321,10,3.115,"81,398,764",0.3944,0.0123
COD17-6-12-1,12 Jun,2017,Kinshasa,,Kokolo,85,,,"81,398,764",0.1044,
COD17-6-12-1,12 Jun,2017,Kongo-Central,,,"1,457",,,"81,398,764",1.7900,
COD17-6-12-1,12 Jun,2017,Kongo-Central,,Kimpese,973,20,2.055,"81,398,764",1.1953,0.0246
COD17-6-12-1,12 Jun,2017,Tanganyika,,,"2,706",,,"81,398,764",3.3244,
COD17-6-12-1,12 Jun,2017,Sud-Kivu,,,"1,410",,,"81,398,764",1.7322,
COD17-6-12-1,12 Jun,2017,Mongala,,,"1,371",,,"81,398,764",1.6843,
COD17-6-18-1,18 Jun,2017,,,,602,15,2.492,"81,398,764",0.7396,0.0184
COD17-6-18-1,18 Jun,2017,Haut-Lomami,,,,,,,,
COD17-6-18-1,18 Jun,2017,Tanganyika,,,,,,,,
COD17-6-18-1,18 Jun,2017,Kongo-Central,,,,,,,,
COD17-6-18-1,18 Jun,2017,Nord-Kivu,,,,,,,,
COD17-6-18-1,18 Jun,2017,Sud-Kivu,,,,,,,,
COD17-6-18-1,18 Jun,2017,Equateur ,,,,,,,,
COD17-6-18-1,18 Jun,2017,Kinshasa,,,,,,,,
COD17-7-1-1,1 Jul,2017,,,,"2,497",,,"81,398,764",3.0676,
COD17-7-1-1,1 Jul,2017,Kwilu,,,,,,,,
COD17-7-1-1,1 Jul,2017,Kwango,,,,,,,,
COD17-7-1-1,1 Jul,2017,Kasaï,,,,,,,,
COD17-7-1-1,1 Jul,2017,Haut-Lomami,,,,,,,,
COD17-7-1-1,1 Jul,2017,Sankuru,,,,,,,,
COD17-7-2-1,2 Jul,2017,,,,563,11,1.954,"81,398,764",0.6917,0.0135
COD17-7-3-1,3 Jul,2017,,,,"15,456",441,2.853,"81,398,764",18.9880,0.5418
COD17-7-3-1,3 Jul,2017,Nord-Kivu,,,"1,464",12,0.820,"81,398,764",1.7986,0.0147
COD17-8-13-1,13 Jul,2017,Nord-Kivu,Goma,Nyirangongo,578,4,0.692,"81,398,764",0.7101,0.0049
COD17-8-19-1,19 Jul,2017,Nord-Kivu,Goma,Nyirangongo,"1,168",2,0.171,"81,398,764",1.4349,0.0025
COD17-8-30-1,30 Jul,2017,,,,"1,090",11,1.009,"81,398,764",1.3391,0.0135
COD17-8-30-1,30 Jul,2017,Nord-Kivu,,,700,2,0.286,"81,398,764",0.8600,0.0025
COD17-8-30-1,30 Jul,2017,Sud-Kivu,,,108,0,0.000,"81,398,764",0.1327,
COD17-8-30-1,30 Jul,2017,Haut-Lomami,,,101,1,0.990,"81,398,764",0.1241,0.0012
COD17-8-30-1,30 Jul,2017,Kongo-Central,,,59,0,0.000,"81,398,764",0.0725,
COD17-8-30-1,30 Jul,2017,Tanganyika,,,49,1,2.041,"81,398,764",0.0602,0.0012
COD17-8-30-1,30 Jul,2017,Maï-Ndombe,,,20,1,5.000,"81,398,764",0.0246,0.0012
COD17-8-30-1,30 Jul,2017,Kinshasa,,,15,2,13.333,"81,398,764",0.0184,0.0025
COD17-9-1-1,1 Aug,2017,,,,"21,362",,,"81,398,764",26.2436,
COD17-9-1-1,1 Aug,2017,Nord-Kivu,,,,,,,,
COD17-9-1-1,1 Aug,2017,Sud-Kivu,,,,,,,,
COD17-9-1-1,1 Aug,2017,Tanganyika,,,,,,,,
COD17-8-8-1,8 Aug,2017,Nord-Kivu,Goma,,"3,140",117,3.726,"81,398,764",3.8576,0.1437
COD17-8-13-1,13 Aug,2017,Sud-Kivu,Fizi,,75,,,"81,398,764",0.0921,
COD17-8-17-1,17 Aug,2017,Sud-Kivu,Kalehe,Minova,230,,,"81,398,764",0.2826,
COD17-8-18-1,18 Aug,2017,Kwilu,,,100,16,16.000,"81,398,764",0.1229,0.0197
COD17-9-9-1,9 Sep,2017,,,,"27,881",568,2.037,"81,398,764",34.2524,0.6978
COD17-9-10-1,10 Sep,2017,,,,"1,761",21,1.193,"81,398,764",2.1634,0.0258
COD17-9-10-1,10 Sep,2017,Haut-Katanga,,,,,,,,
COD17-9-10-1,10 Sep,2017,Haut-Lomami,,,,,,,,
COD17-9-10-1,10 Sep,2017,Kongo-Central,,,,,,,,
COD17-9-10-1,10 Sep,2017,Kwilu,,,,,,,,
COD17-9-10-1,10 Sep,2017,Maï-Ndombe,,,,,,,,
COD17-9-10-1,10 Sep,2017,Maniema,,,,,,,,
COD17-9-10-1,10 Sep,2017,Nord-Kivu,,,559,,,"81,398,764",0.6867,
COD17-9-10-1,10 Sep,2017,Sud-Kivu,,,776,,,"81,398,764",0.9533,
COD17-9-10-1,10 Sep,2017,Tanganyika,,,,,,,,
COD17-9-10-1,10 Sep,2017,Mongala,,,,,,,,
COD17-9-11-1,11 Sep,2017,,,,"24,000",528,2.200,"81,398,764",29.4845,0.6487
COD17-10-1-1,1 Oct,2017,,,,"2,184",15,0.687,"81,398,764",2.6831,0.0184
COD17-10-1-1,1 Oct,2017,Nord-Kivu,,,937,1,0.107,"81,398,764",1.1511,0.0012
COD17-10-1-1,1 Oct,2017,Sud-Kivu,,,637,3,0.471,"81,398,764",0.7826,0.0037
COD17-10-1-1,1 Oct,2017,Tanganyika,,,409,7,1.711,"81,398,764",0.5025,0.0086
COD17-10-1-1,1 Oct,2017,Haut-Lomami,,,247,4,1.619,"81,398,764",0.3034,0.0049
COD17-10-1-1,1 Oct,2017,Kongo-Central,,,146,5,3.425,"81,398,764",0.1794,0.0061
COD17-10-4-1,4 Oct,2017,Haut-Lomami,,,"2,000",70,3.500,"81,398,764",2.4570,0.0860
COD17-10-15-1,15 Oct,2017,,,,"1,854",26,1.402,"81,398,764",2.2777,0.0319
COD17-10-15-1,15 Oct,2017,Nord-Kivu,,,733,6,0.819,"81,398,764",0.9005,0.0074
COD17-10-15-1,15 Oct,2017,Sud-Kivu,,,467,1,0.214,"81,398,764",0.5737,0.0012
COD17-10-15-1,15 Oct,2017,Tanganyika,,,217,2,0.922,"81,398,764",0.2666,0.0025
COD17-10-15-1,15 Oct,2017,Haut-Lomami,,,188,7,3.723,"81,398,764",0.2310,0.0086
COD17-10-15-1,15 Oct,2017,Kongo-Central,,,150,3,2.000,"81,398,764",0.1843,0.0037
COD17-10-15-1,15 Oct,2017,Maniema,,,48,3,6.250,"81,398,764",0.0590,0.0037
COD17-11-6-1,6 Nov,2017,Kasaï,,,"1,990",50,2.513,"81,398,764",2.4448,0.0614
COD17-11-17-1,17 Nov,2017,,,,"44,000",822,1.868,"81,398,764",54.0549,1.0098
COD17-11-17-1,17 Nov,2017,Kasaï,,,,,,,,
COD17-11-17-1,17 Nov,2017,Haut-Lomami,,,,,,,,
COD17-11-25-1,25 Nov,2017,Kinshasa,,,"1,022",43,4.207,"81,398,764",1.2555,0.0528
COD17-11-27-1,27 Nov,2017,Kinshasa,,,123,10,8.130,"81,398,764",0.1511,0.0123
COD18-1-20-1,20 Jan,2018,Ituri,,,536,17,3.172,"84,068,091",0.6376,0.0202
COD18-1-20-1,20 Jan,2018,,Djugu,Tchomia,,,,,,
COD18-1-20-1,20 Jan,2018,,Gety,,,,,,,
COD18-1-20-1,20 Jan,2018,,Angumu,,,,,,,
COD18-1-20-1,20 Jan,2018,,Irumu,Nyarambe,,,,,,
COD18-2-9-1,9 Feb,2018,Kinshasa,,,997,41,4.112,"84,068,091",1.1859,0.0488
COD18-2-9-1,9 Feb,2018,Kinshasa,Binza-Météo,,429,,,"84,068,091",0.5103,
COD18-2-9-1,9 Feb,2018,Kinshasa,Kintambo,,174,,,"84,068,091",0.2070,
COD18-2-9-1,9 Feb,2018,Kinshasa,Limete,,162,,,"84,068,091",0.1927,
COD18-2-12-1,12 Feb,2018,Kasaï-Oriental ,Mbuji-Mayi,,"5,854",277,4.732,"84,068,091",6.9634,0.3295
COD18-2-18-1,18 Feb,2018,Mongala,,,,1,,"84,068,091",,0.0012
COD18-3-2-1,2 Mar,2018,Kinshasa,,,"1,065",43,4.038,"84,068,091",1.2668,0.0511
COD18-3-4-1,4 Mar,2018,Kasaï-Oriental ,,,90,13,14.444,"84,068,091",0.1071,0.0155
COD18-3-25-1,25 Mar,2018,,,,497,10,2.012,"84,068,091",0.5912,0.0119
COD18-3-25-1,25 Mar,2018,Maï-Ndombe,,,84,,,"84,068,091",0.0999,
COD18-3-25-1,25 Mar,2018,Nord-Kivu,,,77,,,"84,068,091",0.0916,
COD18-3-25-1,25 Mar,2018,Equateur ,,,73,,,"84,068,091",0.0868,
COD18-3-25-1,25 Mar,2018,Sud-Kivu,,,58,,,"84,068,091",0.0690,
COD18-3-25-1,25 Mar,2018,Kongo-Central,,,56,,,"84,068,091",0.0666,
COD18-3-25-1,25 Mar,2018,Kinshasa,,,26,0,0.000,"84,068,091",0.0309,
COD18-3-25-1,25 Mar,2018,Kasaï-Oriental ,Mbuji-Mayi,,20,,,"84,068,091",0.0238,
COD18-4-23-1,23 Apr,2018,,,,271,,,"84,068,091",0.3224,
COD18-4-30-1,30 Apr,2018,,,,321,,,"84,068,091",0.3818,
COD18-6-5-1,5 Jun,2018,Kasaï-Oriental ,Mbuji-Mayi,,645,33,5.116,"84,068,091",0.7672,0.0393
COD18-8-9-1,9 Aug,2018,Kasaï-Oriental ,Beni,Kasana,667,32,4.798,"84,068,091",0.7934,0.0381
COD18-8-17-1,17 Aug,2018,Kasaï-Oriental ,,,"2,100",125,5.952,"84,068,091",2.4980,0.1487
COD18-9-16-1,16 Sep,2018,Equateur ,Lukolela,,30,,,"84,068,091",0.0357,
COD18-10-1-1,1 Oct,2018,Kasaï-Oriental ,,,"4,780",249,5.209,"84,068,091",5.6859,0.2962
COD18-11-11-1,11 Nov,2018,Tanganyika,,,"2,546",25,0.982,"84,068,091",3.0285,0.0297
COD18-11-14-1,14 Nov,2018,,,,"25,000",857,3.428,"84,068,091",29.7378,1.0194
COD18-11-14-1,14 Nov,2018,Kasaï-Oriental ,,,,,,,,
COD18-11-14-1,14 Nov,2018,Haut-Lomami,,,,,,,,
COD18-11-14-1,14 Nov,2018,Sud-Kivu,,,,,,,,
COD18-11-14-1,14 Nov,2018,Tanganyika,,,,,,,,
COD18-11-14-1,14 Nov,2018,Haut-Katanga,,,,,,,,
COD18-22-23-1,23 Nov,2018,Haut-Katanga,Pweto,,16,,,"84,068,091",0.0190,
COD19-1-19-1,19 Jan,2019,Haut-Katanga,Lubumbashi,,"1,304",64,4.908,"86,790,567",1.5025,0.0737
COD19-1-27-1,27 Jan,2019,,,,"2,705",71,2.625,"86,790,567",3.1167,0.0818
COD19-1-27-1,27 Jan,2019,Haut-Katanga,,,927,32,3.452,"86,790,567",1.0681,0.0369
COD19-1-27-1,27 Jan,2019,Haut-Lomami,,,,,,,,
COD19-1-27-1,27 Jan,2019,Sud-Kivu,,,,,,,,
COD19-1-27-1,27 Jan,2019,Tanganyika,,,,,,,,
COD19-2-23-1,23 Feb,2019,Haut-Katanga,,,209,,,"86,790,567",0.2408,
COD19-2-23-1,23 Feb,2019,Haut-Lomami,,,100,,,"86,790,567",0.1152,
COD19-3-11-1,11 Mar,2019,Sud-Kivu,,,54,,,"86,790,567",0.0622,
COD19-3-23-1,25 Mar,2019,Haut-Lomami,,,35,,,"86,790,567",0.0403,
COD19-4-1-1,1 Apr,2019,Haut-Lomami,,,80,,,"86,790,567",0.0922,
COD19-4-15-1,15 Apr,2019,Sud-Kivu,,,91,,,"86,790,567",0.1049,
COD19-5-6-1,6 May,2019,Tanganyika,,,113,,,"86,790,567",0.1302,
COD19-5-13-1,13 May,2019,Sud-Kivu,,,161,,,"86,790,567",0.1855,
COD19-5-13-1,13 May,2019,Haut-Katanga,,,78,,,"86,790,567",0.0899,
COD19-5-13-1,13 May,2019,Tanganyika,,,56,,,"86,790,567",0.0645,
COD19-5-25-1,25 May,2019,,,,,7,,"86,790,567",0.0000,0.0081
COD19-5-25-1,25 May,2019,Tanganyika,,,83,,,"86,790,567",0.0956,
COD19-5-25-1,25 May,2019,Haut-Katanga,,,84,,,"86,790,567",0.0968,
COD19-5-25-1,25 May,2019,Sud-Kivu,,,159,,,"86,790,567",0.1832,
COD19-5-25-1,25 May,2019,Kasaï,,,60,,,"86,790,567",0.0691,
COD19-6-8-1,8 Jun,2019,,,,397,,,"86,790,567",0.4574,
COD19-6-8-1,8 Jun,2019,Sud-Kivu,,,281,,,"86,790,567",0.3238,
COD19-6-8-1,8 Jun,2019,Sankuru,,,,2,,"86,790,567",,0.0023
COD19-6-8-1,8 Jun,2019,Equateur ,,,,1,,"86,790,567",,0.0012
COD19-6-8-1,8 Jun,2019,Nord-Kivu,,,,4,,"86,790,567",,0.0046
COD19-6-8-1,8 Jun,2019,Tanganyika,,,,1,,"86,790,567",,0.0012
COD19-6-22-1,22 Jun,2019,Nord-Kivu,,,174,,,"86,790,567",0.2005,
COD19-6-22-1,22 Jun,2019,Sud-Kivu,,,128,,,"86,790,567",0.1475,
COD19-7-6-1,6 Jul,2019,Nord-Kivu,,,124,,,"86,790,567",0.1429,
COD19-7-6-1,6 Jul,2019,Sud-Kivu,,,156,,,"86,790,567",0.1797,
COD19-7-20-1,20 Jul,2019,Nord-Kivu,,,156,,,"86,790,567",0.1797,
COD19-7-20-1,20 Jul,2019,Sud-Kivu,,,102,,,"86,790,567",0.1175,
COD19-8-3-1,3 Aug,2019,Nord-Kivu,,,200,,,"86,790,567",0.2304,
,24 Aug,2019,Nord-Kivu,Goma,,133,,,"86,790,567",0.1532,
COD19-9-22-1,22 Sep,2019,,,,925,19,2.054,"86,790,567",1.0658,0.0219
COD19-9-22-1,22 Sep,2019,Nord-Kivu,,,247,,,"86,790,567",0.2846,
COD19-9-22-1,22 Sep,2019,Sud-Kivu,,,246,,,"86,790,567",0.2834,
COD19-9-22-1,22 Sep,2019,Tanganyika,,,152,,,"86,790,567",0.1751,
COD19-9-22-1,22 Sep,2019,Haut-Lomami,,,169,,,"86,790,567",0.1947,
COD19-9-22-1,22 Sep,2019,Tshopo,,,70,,,"86,790,567",0.0807,
COD19-10-13-1,13 Oct,2019,Maniema,,,40,,,"86,790,567",0.0461,
COD19-11-9-1,9 Nov,2019,Nord-Kivu,Goma,,53,,,"86,790,567",0.0611,
COD19-12-22-1,22 Dec,2019,,,,"2,285",,,"86,790,567",2.6328,
COD19-12-22-1,22 Dec,2019,Sud-Kivu,,,697,,,"86,790,567",0.8031,
COD19-12-22-1,22 Dec,2019,Nord-Kivu,,,490,,,"86,790,567",0.5646,
COD19-12-22-1,22 Dec,2019,Tshopo,,,367,,,"86,790,567",0.4229,
COD19-12-22-1,22 Dec,2019,Tanganyika,,,297,,,"86,790,567",0.3422,
COD19-12-22-1,22 Dec,2019,Haut-Lomami,,,230,,,"86,790,567",0.2650,
COD19-12-22-1,22 Dec,2019,Haut-Katanga,,,204,,,"86,790,567",0.2350,
COD20-1-26-1,26 Jan,2020,,,,"2,651",43,1.622,"89,561,403",2.9600,0.0480
COD20-1-26-1,26 Jan,2020,Nord-Kivu,,,"1,084",,,"89,561,403",1.2103,
COD20-1-26-1,26 Jan,2020,Sud-Kivu,,,705,,,"89,561,403",0.7872,
COD20-1-26-1,26 Jan,2020,Haut-Katanga,,,341,,,"89,561,403",0.3807,
COD20-1-26-1,26 Jan,2020,Tanganyika,,,284,,,"89,561,403",0.3171,
COD20-3-4-1,4 Mar,2020,Haut-Katanga,,,,30,,"89,561,403",,0.0335
COD20-3-4-1,4 Mar,2020,Haut-Katanga,Lubumbashi,,200,12,6.000,"89,561,403",0.2233,0.0134
COD20-3-4-1,4 Mar,2020,Haut-Katanga,Lubumbashi,Kafubu,106,18,16.981,"89,561,403",0.1184,0.0201
COD20-3-18-1,18 Mar,2020,Kasaï-Oriental ,Mbuji-Mayi,,13,1,7.692,"89,561,403",0.0145,0.0011
COD20-4-12-1,13 Apr,2020,Lualaba,,,190,6,3.158,"89,561,403",0.2121,0.0067
COD20-4-12-1,13 Apr,2020,Lualaba,Lubudi,Bunkeya,110,3,2.727,"89,561,403",0.1228,0.0033
COD20-4-12-1,13 Apr,2020,Lualaba,Tandis,,62,2,3.226,"89,561,403",0.0692,0.0022
COD20-8-29-1,29 Jul,2020,Haut-Lomami,Ngandajika,,9,3,33.333,"89,561,403",0.0100,0.0033
COD20-9-28-1,28 Sep,2020,Kasaï-Oriental ,Mbuji-Mayi,,100,7,7.000,"89,561,403",0.1117,0.0078
COD20-10-12-1,13 Oct,2020,Haut-Katanga ,Mitwaba,,41,0,0.000,"89,561,403",0.0458,
COD20-11-16-1,16 Nov,2020,Kasaï-Oriental ,Mbuji-Mayi,,8,0,0.000,"89,561,403",0.0089,
COD20-11-21-1,21 Nov,2020,Haut-Lomami,Katanda,Kalambayi,55,8,14.545,"89,561,403",0.0614,0.0089